<SciLor english="English" name="English" icon="english.gif">
  <tabSearchLoad string="Search and Download" />
  <tabExtFunctions string="Extended Functions" />
  <tabSettings string="Settings" />
  <mniFile string="File" />
  <mniCheckForUpdates string="Check for Updates" />
  <mniAvailableSoftware string="SciLor's available Software" />
  <mniSciLorsWebsite string="SciLor's Website" />
  <mniExit string="Exit" />
  <mniExtra string="Extra" />
  <mniReconnect string="Reconnect" />
  <mniClearDownloadList string="Clear Download List" />
  <mniGoToDownloadDir string="Open Download Directory" />
  <mniLanguage string="Language" />
  <mniDonate string="Like this Software?" />
  <btnSearch string="Search" />
  <btnPopularSongs string="Popular Songs" />
  <btnSelectAll string="Select All" />
  <btnDeselectAll string="Deselect All" />
  <btnInvertSelection string="Invert Selection" />
  <btnAddToDownloadList string="Add to Download queue" />
  <btnDownload string="Download" />
  <tabExFuncBatch string="Batch Search &amp; Add" />
  <tabExFuncPlaylists string="Dump Playlists" />
  <grpBatchSearch string="Description" />
  <txtBatchDescription string="SciLor's Batch Search &amp; Add is a feature you to enter a list of searches (One search per line). Those searches are done one by one and the first of each gets added to the downloader list!" />
  <btnBatchSearch string="Search &amp; Add" />
  <btnImportBatch string="Import from file" />
  <grpLogin string="Grooveshark(tm) Login" />
  <lblLoginName string="Username:" />
  <lblLoginPass string="Password:" />
  <btnLoginFetchPlaylists string="Login &amp; Fetch" />
  <grpPlaylists string="Playlists" />
  <btnFetchPlaylists string="Copy to Search" />
  <tabConfigDownload string="Download" />
  <tabConfigVarious string="Various" />
  <grpBaseDir string="Base Download Directory" />
  <btnBaseDir string="Select Directory" />
  <grpPattern string="Song naming pattern" />
  <lblPatternInfo string="Available name variables: &lt;artist&gt;, &lt;song&gt;, &lt;album&gt;, &lt;year&gt;, &lt;tracknum&gt; Backslashes (&quot;\&quot;) will create subdirs" />
  <grpExistingFileHandling string="Existing file handling" />
  <rbtExistingSkip string="Skip" />
  <rbtExistingOverwrite string="Overwrite" />
  <rbtExistingAutoRename string="Auto Rename" />
  <grpVarious string="Various Settings" />
  <chkUncheckSearchResults string="Uncheck search results after adding them to the download list" />
  <chkAutoCheckUpdates string="Automatically check for updates" />
  <btnSave string="Save" />
  <LangDagSearchContextMenuAlbumResults string="Search for Album" />
  <LangDagSearchContextMenuArtistResults string="Search for Artist" />
  <LangLblPatternPreview string="Preview:" />
</SciLor>